Sl No,Author/Year,Paper Title,Journal/Context,Publisher,Techniques,Methods,Dataset Name,Main Method,Limitations,Summary,Category,Team Member,DOI / URL,Verification Source,Relevance to Our Project
1,Detrano et al. (1989),International application of a new probability algorithm for the diagnosis of coronary artery disease,The American Journal of Cardiology,Elsevier,"Logistic Regression, Logistic Discriminant Analysis",Discriminant function probabilistic algorithm evaluated on patient records,UCI Cleveland Heart Disease,Logistic Discriminant Analysis Probability Model,Modest sample size of 303 patient records; presence of missing attributes in fluoroscopy features.,"Landmark study introducing the 303-patient Cleveland Heart Disease clinical dataset and logistic probability modeling. Evaluated clinical attributes to predict coronary artery stenosis. Found chest pain type, ST depression, and major vessels colored to be strong diagnostic predictors.",Machine Learning,Shreyas,https://doi.org/10.1016/0002-9149(89)90524-9,PubMed / ScienceDirect,Establishes the origin and clinical validity of our 303-row UCI Cleveland dataset.
2,Palaniappan & Awang (2008),Intelligent Heart Disease Prediction System Using Data Mining Techniques,IEEE AICCSA,IEEE,"Naive Bayes, Decision Tree (ID3, J48), Neural Network","Web-based clinical decision support tool training Naive Bayes, Decision Tree, and Neural Networks",UCI Cleveland Heart Disease,"Multi-Model Mining Framework (Naive Bayes, Decision Tree, Neural Networks)",Static dataset without continuous streaming patient monitoring; limited to 13 clinical features.,"Designed an intelligent clinical decision support framework for heart disease prediction using Naive Bayes, Decision Trees, and Neural Networks. Demonstrated data mining effectiveness on Cleveland clinical records. Emphasized user-friendly clinical decision interface deployment.",Machine Learning,Shreyas,https://doi.org/10.1109/AICCSA.2008.4493524,IEEE Xplore / IEEE AICCSA,Motivates the web application interface design and multi-model benchmarking strategy.
3,Anooj (2012),Clinical decision support system: Risk level prediction of heart disease using weighted fuzzy rules,Journal of King Saud University - Computer and Information Sciences,Elsevier,"Weighted Fuzzy Rules, Fuzzy Logic, Decision Support System",Generating weighted fuzzy rules from clinical data attributes for automated risk level stratification,UCI Cleveland Heart Disease,Weighted Fuzzy Rule-Based Clinical Decision Support System,Manual fuzzy boundary rule threshold selection; computationally expensive rule base growth.,Proposed a clinical decision support system utilizing weighted fuzzy rules for heart disease risk level prediction. Developed fuzzy membership functions for clinical attributes like cholesterol and resting blood pressure. Showed high rule-based classification accuracy on Cleveland heart disease data.,Machine Learning,Uday,https://doi.org/10.1016/j.jksuci.2011.09.002,ScienceDirect / Elsevier,Supports non-linear feature transformation and rule-based risk level partitioning.
4,Arabasadi et al. (2017),Computer aided decision making for heart disease detection using hybrid neural network-Genetic algorithm,Computer Methods and Programs in Biomedicine,Elsevier,"Genetic Algorithm, Neural Network, Hybrid GA-NN",Genetic Algorithm search space exploration optimizing initial weight vector of Feed-Forward Neural Network,UCI Cleveland / Z-Alizadehsani,Hybrid Genetic Algorithm Neural Network (GA-NN),High computational training time required for genetic population iterations across generations.,Developed a hybrid diagnostic system combining a Genetic Algorithm (GA) with a Neural Network (NN) for coronary artery disease prediction. GA optimized initial weights to prevent neural network convergence into local minima. Achieved approximately 10% performance gain over standard backpropagation neural networks.,Machine Learning,Uday,https://doi.org/10.1016/j.cmpb.2017.01.004,PubMed / ScienceDirect,Demonstrates hybrid optimization and provides historical benchmark for neural network tuning.
5,Haq et al. (2018),A Hybrid Intelligent System Framework for the Prediction of Heart Disease Using Machine Learning Algorithms,Mobile Information Systems,Hindawi / Wiley,"Logistic Regression, Random Forest, Support Vector Machine, Naive Bayes, Feature Selection","Multi-stage feature selection (mRMR, Relief, LASSO) integrated with ML classifiers",UCI Cleveland Heart Disease,Hybrid Machine Learning Framework with Feature Selection (mRMR-Relief-LASSO),Computational overhead of multi-stage feature selection; hyperparameter selection bound to cross-validation folds.,"Formulated a hybrid intelligent framework incorporating feature selection techniques (mRMR, Relief, LASSO) with ML algorithms like Random Forest and Logistic Regression. Verified that feature selection improves classification accuracy and reduces model complexity. Achieved high predictive accuracy on Cleveland heart disease dataset.",Machine Learning,Suprith,https://doi.org/10.1155/2018/3860146,PubMed / Hindawi / Wiley,Validates our feature engineering and preprocessor scaling methodology.
6,Mohan et al. (2019),Effective Heart Disease Prediction Using Hybrid Machine Learning Techniques,IEEE Access,IEEE,"Random Forest, Linear Model, Hybrid HRFLM, Feature Selection",Hybridization of Random Forest with Linear Model to calculate feature importance and decision trees,UCI Cleveland Heart Disease,Hybrid Random Forest with Linear Model (HRFLM),Evaluated on single UCI dataset; lack of real-time clinical deployment testing.,Introduced a Hybrid Random Forest with Linear Model (HRFLM) technique to predict heart disease risk. Combined strength of linear decision boundaries and non-linear tree splits on Cleveland dataset attributes. Demonstrated that hybrid ensembling outperforms individual base algorithms.,Machine Learning,Suprith,https://doi.org/10.1109/ACCESS.2019.2923707,IEEE Xplore / IEEE Access,Directly supports our selection of Random Forest as the winning ML algorithm.
7,Latha & Jeeva (2019),Improving the accuracy of prediction of heart disease risk based on ensemble classification techniques,Informatics in Medicine Unlocked,Elsevier,"Bagging, Boosting, Random Forest, Decision Tree, Feature Selection",Ensembling weak classifiers with feature selection to improve classification accuracy,UCI Heart Disease,Ensemble Learning (Bagging & Boosting with Feature Selection),Sensitivity to feature selection variations; lack of cross-hospital generalization validation.,"Investigated ensemble machine learning techniques including Bagging, Boosting, and Random Forest for heart disease risk prediction. Combined feature selection algorithms to retain major clinical predictors. Reported an overall accuracy improvement of over 7% using ensemble approaches over single classifiers.",Machine Learning,Sahitya,https://doi.org/10.1016/j.imu.2019.100203,Elsevier / ScienceDirect,Reaffirms that ensemble methods outperform individual decision trees on tabular heart data.
8,Gokulnath & Shantharajah (2019),An optimized feature selection based on genetic approach and support vector machine for heart disease,Cluster Computing,Springer,"Support Vector Machine, Genetic Algorithm, Feature Selection",Genetic Algorithm search space exploration for optimal subset selection combined with SVM classification,UCI Cleveland Heart Disease,Genetic Algorithm-Optimized Support Vector Machine (GA-SVM),Stochastic nature of Genetic Algorithms leads to variable runtimes; computationally expensive.,Proposed a hybrid model combining a Genetic Algorithm for feature selection with Support Vector Machine (SVM) for heart disease classification. Optimized SVM hyperparameter bounds and feature subsets simultaneously. Demonstrated significant reduction in required diagnostic attributes while maintaining high prediction accuracy.,Machine Learning,Sahitya,https://doi.org/10.1007/s10586-018-2416-4,Springer / Cluster Computing,Justifies our Part 6 cross-validation and hyperparameter tuning search grid for SVM.
9,Mienye et al. (2020),Improved sparse autoencoder based artificial neural network approach for prediction of heart disease,Informatics in Medicine Unlocked,Elsevier,"Deep Autoencoder, Sparse Autoencoder, Artificial Neural Network (ANN), Multi-Layer Perceptron",Sparse autoencoder feature representation learning paired with ANN classification,UCI Framingham & Cleveland Heart Disease,Sparse Autoencoder Artificial Neural Network (SAE-ANN),Reconstruction loss dependent on sparsity hyperparameter; black-box feature representation.,Developed an improved neural network architecture leveraging a sparse autoencoder for feature extraction before ANN classification. Reduced feature dimensionality while retaining salient non-linear patterns. Achieved high accuracy on tabular heart disease datasets compared to standard feed-forward ANNs.,Deep Learning,Shreyas,https://doi.org/10.1016/j.imu.2020.100307,ScienceDirect / Elsevier,Directly motivates our Part 10 ANN architecture and hidden layer design.
10,Ali et al. (2020),A Smart Healthcare Monitoring System for Heart Disease Prediction Based on Ensemble Deep Learning and Feature Fusion,Information Fusion,Elsevier,"Ensemble Deep Learning, Deep Neural Network (DNN), Feature Fusion",Feature fusion of medical sensor data and clinical attributes feeding an ensemble of Deep Neural Networks,UCI Heart Disease & Framingham,Ensemble Deep Neural Network with Feature Fusion (EDNN-FF),Requires real-time wearable sensor data inputs; increased architectural complexity.,Proposed an ensemble deep learning framework with feature fusion for smart healthcare heart disease monitoring. Combined multiple deep neural network sub-networks to aggregate prediction probabilities. Demonstrated robust performance across heterogeneous medical feature representations.,Deep Learning,Shreyas,https://doi.org/10.1016/j.inffus.2020.06.008,ScienceDirect / Elsevier,Supports probability aggregation and multi-model benchmark evaluation.
11,Alotaibi (2019),Implementation of Machine Learning Model to Predict Heart Failure Disease,IJACSA,SAI Organization,"Deep Neural Network, Artificial Neural Network, Decision Tree, Logistic Regression",Comparative implementation of Multi-Layer Perceptrons (ANN) and decision trees on Cleveland records,UCI Cleveland Heart Disease,Deep Neural Network (ANN) Classifier,Restricted sample size of 303 records limits deep network parameter tuning without overfitting.,"Implemented and benchmarked Deep Neural Network (ANN) models against classical machine learning classifiers on Cleveland heart disease data. Showed that while ANNs capture non-linear relationships, tree ensembles achieve comparable or superior performance on small tabular datasets. Highlighted the importance of sample size in deep learning.",Deep Learning,Uday,https://doi.org/10.14569/IJACSA.2019.0100637,IJACSA / SAI Organization,Explains why Random Forest competitive performance matches ANN on 303 rows.
12,Pan et al. (2020),Enhanced Deep Learning Assisted Convolutional Neural Network for Heart Disease Prediction on the Internet of Medical Things Platform,IEEE Access,IEEE,"Convolutional Neural Network (CNN), Deep Neural Network, IoMT Sensing",1D Convolutional Neural Network processing multi-attribute tabular vectors via spatial maps,UCI Cleveland & IoMT Patient Data,1D Convolutional Neural Network (1D-CNN) for IoMT Heart Disease Risk Prediction,High computational hardware demands for real-time IoMT edge deployment.,Designed an enhanced deep learning assisted 1D Convolutional Neural Network (CNN) for IoMT heart disease prediction. Converted 1D tabular clinical attributes into structured feature maps for convolutional kernel operations. Demonstrated high sensitivity and diagnostic accuracy for IoMT-based patient monitoring.,Deep Learning,Uday,https://doi.org/10.1109/ACCESS.2020.3026214,IEEE Xplore / IEEE Access,Shows alternative deep learning formulations (1D-CNN) for tabular medical data.
13,Dissanayake & Johar (2021),Comparative Study on Heart Disease Prediction Using Feature Selection Techniques on Classification Algorithms,Applied Computational Intelligence and Soft Computing,Hindawi / Wiley,"Multi-Layer Perceptron (ANN), Support Vector Machine, Decision Tree, Logistic Regression, Feature Selection",Evaluating feature selection algorithms paired with Deep/Machine Learning architectures including MLP/ANN,UCI Cleveland Heart Disease,MLP & Feature-Selected Classification Pipeline,Feature elimination may discard weak non-linear feature interactions; relies on 303 tabular records.,"Conducted a comprehensive benchmark comparing Multi-Layer Perceptrons (ANN), SVM, Decision Trees, and Logistic Regression on Cleveland heart disease data. Applied feature selection to determine the minimum feature subset required for high diagnostic recall. Found that ANN and ensemble classifiers achieve superior recall metrics.",Deep Learning,Suprith,https://doi.org/10.1155/2021/5581806,Hindawi / Wiley / PubMed,Validates our dual ML vs DL comparison and recall-oriented medical evaluation.
14,Mehmood et al. (2021),Prediction of heart disease using deep convolutional neural networks,Arabian Journal for Science and Engineering,Springer Nature,"Convolutional Neural Network (CNN), Deep Neural Network, Feature Mapping",Mapping 1D clinical tabular data into 2D matrix representations for feature extraction using deep CNN layers,UCI Cleveland Heart Disease,2D-Mapped Convolutional Neural Network (CNN),Matrix mapping introduces spatial adjacency assumptions on non-spatial tabular features.,Formulated a deep 2D Convolutional Neural Network approach for predicting heart disease from tabular patient records. Transformed 1D diagnostic vectors into 2D feature matrices to leverage spatial convolution filters. Achieved high classification accuracy on Cleveland dataset benchmark.,Deep Learning,Suprith,https://doi.org/10.1007/s13369-020-05047-9,Springer Nature / Arabian Journal for Science and Engineering,Provides theoretical contrast between 2D-CNN feature maps and our feed-forward ANN.
15,Sarra et al. (2022),A Robust Framework for Data Generative and Heart Disease Prediction Based on Efficient Deep Learning Models,Diagnostics,MDPI,"Deep Neural Network, Generative Adversarial Network (GAN), Artificial Neural Network",Deep generative networks for synthetic oversampling combined with Deep Neural Network classification,UCI Cleveland Heart Disease,GAN-Enhanced Deep Neural Network (GAN-DNN),Generative model hyperparameter tuning risk of mode collapse on small tabular datasets.,Developed a robust deep learning framework combining Generative Adversarial Networks (GANs) for data augmentation with Deep Neural Networks for heart disease prediction. Addressed class imbalance and small sample size limitations through deep generative synthesis. Demonstrated improved classification metrics on Cleveland data.,Deep Learning,Sahitya,https://doi.org/10.3390/diagnostics12122899,MDPI / Diagnostics,Highlights data augmentation techniques and sample size considerations in deep learning.
16,Al-Makhadmeh & Tolba (2019),Utilizing IoT wearable medical device for heart disease prediction using higher order Boltzmann model: a classification approach,Measurement,Elsevier,"Deep Boltzmann Machine (DBM), Higher-Order Neural Network, IoT Sensing",Higher-order Deep Boltzmann Neural Network modeling patient physiological signals for cardiac risk scoring,UCI Cleveland & IoT Sensor Data,Higher-Order Deep Boltzmann Machine (HDBM),Higher-order network tensor calculations increase time complexity for large sample batches.,Engineered a higher-order Deep Boltzmann Machine (HDBM) model for heart disease risk prediction integrated with IoT medical sensors. Modeled high-order non-linear correlations between cardiac physiological signals. Achieved high predictive accuracy and demonstrated utility for real-time remote patient monitoring.,Deep Learning,Sahitya,https://doi.org/10.1016/j.measurement.2019.07.043,PubMed / ScienceDirect / Elsevier,Illustrates advanced generative deep architectures for cardiac risk prediction.
